port,datetime_ist,state,height_m,source_pdf
DIAMOND HARBOUR,2026-04-01 07:00:00,Low,0.81,data\APRIL 2026\DIAMOND HARBOUR.pdf
DIAMOND HARBOUR,2026-04-01 11:09:00,High,5.41,data\APRIL 2026\DIAMOND HARBOUR.pdf
DIAMOND HARBOUR,2026-04-01 19:12:00,Low,0.92,data\APRIL 2026\DIAMOND HARBOUR.pdf
DIAMOND HARBOUR,2026-04-01 23:14:00,High,5.49,data\APRIL 2026\DIAMOND HARBOUR.pdf
DIAMOND HARBOUR,2026-04-02 07:28:00,Low,0.75,data\APRIL 2026\DIAMOND HARBOUR.pdf
DIAMOND HARBOUR,2026-04-02 11:30:00,High,5.58,data\APRIL 2026\DIAMOND HARBOUR.pdf
DIAMOND HARBOUR,2026-04-02 19:39:00,Low,0.9,data\APRIL 2026\DIAMOND HARBOUR.pdf
DIAMOND HARBOUR,2026-04-02 23:39:00,High,5.49,data\APRIL 2026\DIAMOND HARBOUR.pdf
DIAMOND HARBOUR,2026-04-03 07:50:00,Low,0.75,data\APRIL 2026\DIAMOND HARBOUR.pdf
DIAMOND HARBOUR,2026-04-03 11:52:00,High,5.65,data\APRIL 2026\DIAMOND HARBOUR.pdf
DIAMOND HARBOUR,2026-04-03 20:01:00,Low,0.94,data\APRIL 2026\DIAMOND HARBOUR.pdf
DIAMOND HARBOUR,2026-04-04 00:03:00,High,5.41,data\APRIL 2026\DIAMOND HARBOUR.pdf
DIAMOND HARBOUR,2026-04-04 08:10:00,Low,0.77,data\APRIL 2026\DIAMOND HARBOUR.pdf
DIAMOND HARBOUR,2026-04-04 12:18:00,High,5.62,data\APRIL 2026\DIAMOND HARBOUR.pdf
DIAMOND HARBOUR,2026-04-04 20:23:00,Low,1.01,data\APRIL 2026\DIAMOND HARBOUR.pdf
DIAMOND HARBOUR,2026-04-05 00:33:00,High,5.28,data\APRIL 2026\DIAMOND HARBOUR.pdf
DIAMOND HARBOUR,2026-04-05 08:32:00,Low,0.84,data\APRIL 2026\DIAMOND HARBOUR.pdf
DIAMOND HARBOUR,2026-04-05 12:49:00,High,5.5,data\APRIL 2026\DIAMOND HARBOUR.pdf
DIAMOND HARBOUR,2026-04-05 20:45:00,Low,1.11,data\APRIL 2026\DIAMOND HARBOUR.pdf
DIAMOND HARBOUR,2026-04-06 01:04:00,High,5.1,data\APRIL 2026\DIAMOND HARBOUR.pdf
DIAMOND HARBOUR,2026-04-06 08:54:00,Low,0.94,data\APRIL 2026\DIAMOND HARBOUR.pdf
DIAMOND HARBOUR,2026-04-06 13:25:00,High,5.31,data\APRIL 2026\DIAMOND HARBOUR.pdf
DIAMOND HARBOUR,2026-04-06 21:08:00,Low,1.26,data\APRIL 2026\DIAMOND HARBOUR.pdf
DIAMOND HARBOUR,2026-04-07 01:36:00,High,4.88,data\APRIL 2026\DIAMOND HARBOUR.pdf
DIAMOND HARBOUR,2026-04-07 09:15:00,Low,1.12,data\APRIL 2026\DIAMOND HARBOUR.pdf
DIAMOND HARBOUR,2026-04-07 13:57:00,High,5.06,data\APRIL 2026\DIAMOND HARBOUR.pdf
DIAMOND HARBOUR,2026-04-07 21:28:00,Low,1.48,data\APRIL 2026\DIAMOND HARBOUR.pdf
DIAMOND HARBOUR,2026-04-08 02:05:00,High,4.61,data\APRIL 2026\DIAMOND HARBOUR.pdf
DIAMOND HARBOUR,2026-04-08 09:32:00,Low,1.35,data\APRIL 2026\DIAMOND HARBOUR.pdf
DIAMOND HARBOUR,2026-04-08 14:29:00,High,4.78,data\APRIL 2026\DIAMOND HARBOUR.pdf
DIAMOND HARBOUR,2026-04-08 21:45:00,Low,1.74,data\APRIL 2026\DIAMOND HARBOUR.pdf
DIAMOND HARBOUR,2026-04-09 02:32:00,High,4.32,data\APRIL 2026\DIAMOND HARBOUR.pdf
DIAMOND HARBOUR,2026-04-09 09:47:00,Low,1.63,data\APRIL 2026\DIAMOND HARBOUR.pdf
DIAMOND HARBOUR,2026-04-09 15:03:00,High,4.48,data\APRIL 2026\DIAMOND HARBOUR.pdf
DIAMOND HARBOUR,2026-04-09 22:13:00,Low,2.0,data\APRIL 2026\DIAMOND HARBOUR.pdf
DIAMOND HARBOUR,2026-04-10 03:11:00,High,4.01,data\APRIL 2026\DIAMOND HARBOUR.pdf
DIAMOND HARBOUR,2026-04-10 10:16:00,Low,1.92,data\APRIL 2026\DIAMOND HARBOUR.pdf
DIAMOND HARBOUR,2026-04-10 16:01:00,High,4.2,data\APRIL 2026\DIAMOND HARBOUR.pdf
DIAMOND HARBOUR,2026-04-10 23:22:00,Low,2.22,data\APRIL 2026\DIAMOND HARBOUR.pdf
DIAMOND HARBOUR,2026-04-11 04:29:00,High,3.73,data\APRIL 2026\DIAMOND HARBOUR.pdf
DIAMOND HARBOUR,2026-04-11 11:49:00,Low,2.17,data\APRIL 2026\DIAMOND HARBOUR.pdf
DIAMOND HARBOUR,2026-04-11 18:10:00,High,4.12,data\APRIL 2026\DIAMOND HARBOUR.pdf
DIAMOND HARBOUR,2026-04-12 01:32:00,Low,2.17,data\APRIL 2026\DIAMOND HARBOUR.pdf
DIAMOND HARBOUR,2026-04-12 07:00:00,High,3.76,data\APRIL 2026\DIAMOND HARBOUR.pdf
DIAMOND HARBOUR,2026-04-12 14:05:00,Low,2.1,data\APRIL 2026\DIAMOND HARBOUR.pdf
DIAMOND HARBOUR,2026-04-12 19:43:00,High,4.38,data\APRIL 2026\DIAMOND HARBOUR.pdf
DIAMOND HARBOUR,2026-04-13 03:14:00,Low,1.85,data\APRIL 2026\DIAMOND HARBOUR.pdf
DIAMOND HARBOUR,2026-04-13 08:33:00,High,4.16,data\APRIL 2026\DIAMOND HARBOUR.pdf
DIAMOND HARBOUR,2026-04-13 15:40:00,Low,1.8,data\APRIL 2026\DIAMOND HARBOUR.pdf
DIAMOND HARBOUR,2026-04-13 20:42:00,High,4.75,data\APRIL 2026\DIAMOND HARBOUR.pdf
DIAMOND HARBOUR,2026-04-14 04:29:00,Low,1.48,data\APRIL 2026\DIAMOND HARBOUR.pdf
DIAMOND HARBOUR,2026-04-14 09:23:00,High,4.67,data\APRIL 2026\DIAMOND HARBOUR.pdf
DIAMOND HARBOUR,2026-04-14 16:52:00,Low,1.47,data\APRIL 2026\DIAMOND HARBOUR.pdf
DIAMOND HARBOUR,2026-04-14 21:26:00,High,5.12,data\APRIL 2026\DIAMOND HARBOUR.pdf
DIAMOND HARBOUR,2026-04-15 05:29:00,Low,1.13,data\APRIL 2026\DIAMOND HARBOUR.pdf
DIAMOND HARBOUR,2026-04-15 09:56:00,High,5.19,data\APRIL 2026\DIAMOND HARBOUR.pdf
DIAMOND HARBOUR,2026-04-15 17:50:00,Low,1.16,data\APRIL 2026\DIAMOND HARBOUR.pdf
DIAMOND HARBOUR,2026-04-15 22:01:00,High,5.47,data\APRIL 2026\DIAMOND HARBOUR.pdf
DIAMOND HARBOUR,2026-04-16 06:19:00,Low,0.84,data\APRIL 2026\DIAMOND HARBOUR.pdf
DIAMOND HARBOUR,2026-04-16 10:23:00,High,5.67,data\APRIL 2026\DIAMOND HARBOUR.pdf
DIAMOND HARBOUR,2026-04-16 18:36:00,Low,0.91,data\APRIL 2026\DIAMOND HARBOUR.pdf
DIAMOND HARBOUR,2026-04-16 22:31:00,High,5.76,data\APRIL 2026\DIAMOND HARBOUR.pdf
DIAMOND HARBOUR,2026-04-17 07:00:00,Low,0.61,data\APRIL 2026\DIAMOND HARBOUR.pdf
DIAMOND HARBOUR,2026-04-17 10:47:00,High,6.05,data\APRIL 2026\DIAMOND HARBOUR.pdf
DIAMOND HARBOUR,2026-04-17 19:16:00,Low,0.73,data\APRIL 2026\DIAMOND HARBOUR.pdf
DIAMOND HARBOUR,2026-04-17 23:03:00,High,5.95,data\APRIL 2026\DIAMOND HARBOUR.pdf
DIAMOND HARBOUR,2026-04-18 07:36:00,Low,0.47,data\APRIL 2026\DIAMOND HARBOUR.pdf
DIAMOND HARBOUR,2026-04-18 11:17:00,High,6.28,data\APRIL 2026\DIAMOND HARBOUR.pdf
DIAMOND HARBOUR,2026-04-18 19:54:00,Low,0.66,data\APRIL 2026\DIAMOND HARBOUR.pdf
DIAMOND HARBOUR,2026-04-18 23:39:00,High,5.98,data\APRIL 2026\DIAMOND HARBOUR.pdf
DIAMOND HARBOUR,2026-04-19 08:13:00,Low,0.45,data\APRIL 2026\DIAMOND HARBOUR.pdf
DIAMOND HARBOUR,2026-04-19 11:55:00,High,6.3,data\APRIL 2026\DIAMOND HARBOUR.pdf
DIAMOND HARBOUR,2026-04-19 20:32:00,Low,0.72,data\APRIL 2026\DIAMOND HARBOUR.pdf
DIAMOND HARBOUR,2026-04-20 00:23:00,High,5.83,data\APRIL 2026\DIAMOND HARBOUR.pdf
DIAMOND HARBOUR,2026-04-20 08:49:00,Low,0.57,data\APRIL 2026\DIAMOND HARBOUR.pdf
DIAMOND HARBOUR,2026-04-20 12:41:00,High,6.09,data\APRIL 2026\DIAMOND HARBOUR.pdf
DIAMOND HARBOUR,2026-04-20 21:08:00,Low,0.92,data\APRIL 2026\DIAMOND HARBOUR.pdf
DIAMOND HARBOUR,2026-04-21 01:12:00,High,5.51,data\APRIL 2026\DIAMOND HARBOUR.pdf
DIAMOND HARBOUR,2026-04-21 09:23:00,Low,0.82,data\APRIL 2026\DIAMOND HARBOUR.pdf
DIAMOND HARBOUR,2026-04-21 13:33:00,High,5.73,data\APRIL 2026\DIAMOND HARBOUR.pdf
DIAMOND HARBOUR,2026-04-21 21:45:00,Low,1.2,data\APRIL 2026\DIAMOND HARBOUR.pdf
DIAMOND HARBOUR,2026-04-22 02:05:00,High,5.1,data\APRIL 2026\DIAMOND HARBOUR.pdf
DIAMOND HARBOUR,2026-04-22 09:55:00,Low,1.15,data\APRIL 2026\DIAMOND HARBOUR.pdf
DIAMOND HARBOUR,2026-04-22 14:26:00,High,5.29,data\APRIL 2026\DIAMOND HARBOUR.pdf
DIAMOND HARBOUR,2026-04-22 22:22:00,Low,1.53,data\APRIL 2026\DIAMOND HARBOUR.pdf
DIAMOND HARBOUR,2026-04-23 03:02:00,High,4.65,data\APRIL 2026\DIAMOND HARBOUR.pdf
DIAMOND HARBOUR,2026-04-23 10:30:00,Low,1.52,data\APRIL 2026\DIAMOND HARBOUR.pdf
DIAMOND HARBOUR,2026-04-23 15:31:00,High,4.84,data\APRIL 2026\DIAMOND HARBOUR.pdf
DIAMOND HARBOUR,2026-04-23 23:14:00,Low,1.82,data\APRIL 2026\DIAMOND HARBOUR.pdf
DIAMOND HARBOUR,2026-04-24 04:18:00,High,4.27,data\APRIL 2026\DIAMOND HARBOUR.pdf
DIAMOND HARBOUR,2026-04-24 11:24:00,Low,1.86,data\APRIL 2026\DIAMOND HARBOUR.pdf
DIAMOND HARBOUR,2026-04-24 17:06:00,High,4.55,data\APRIL 2026\DIAMOND HARBOUR.pdf
DIAMOND HARBOUR,2026-04-25 00:51:00,Low,1.94,data\APRIL 2026\DIAMOND HARBOUR.pdf
DIAMOND HARBOUR,2026-04-25 05:56:00,High,4.11,data\APRIL 2026\DIAMOND HARBOUR.pdf
DIAMOND HARBOUR,2026-04-25 13:09:00,Low,2.02,data\APRIL 2026\DIAMOND HARBOUR.pdf
DIAMOND HARBOUR,2026-04-25 18:40:00,High,4.52,data\APRIL 2026\DIAMOND HARBOUR.pdf
DIAMOND HARBOUR,2026-04-26 02:17:00,Low,1.81,data\APRIL 2026\DIAMOND HARBOUR.pdf
DIAMOND HARBOUR,2026-04-26 07:37:00,High,4.26,data\APRIL 2026\DIAMOND HARBOUR.pdf
DIAMOND HARBOUR,2026-04-26 14:41:00,Low,1.9,data\APRIL 2026\DIAMOND HARBOUR.pdf
DIAMOND HARBOUR,2026-04-26 20:01:00,High,4.69,data\APRIL 2026\DIAMOND HARBOUR.pdf
DIAMOND HARBOUR,2026-04-27 03:32:00,Low,1.61,data\APRIL 2026\DIAMOND HARBOUR.pdf
DIAMOND HARBOUR,2026-04-27 08:49:00,High,4.59,data\APRIL 2026\DIAMOND HARBOUR.pdf
DIAMOND HARBOUR,2026-04-27 16:01:00,Low,1.7,data\APRIL 2026\DIAMOND HARBOUR.pdf
DIAMOND HARBOUR,2026-04-27 20:57:00,High,4.91,data\APRIL 2026\DIAMOND HARBOUR.pdf
DIAMOND HARBOUR,2026-04-28 04:38:00,Low,1.43,data\APRIL 2026\DIAMOND HARBOUR.pdf
DIAMOND HARBOUR,2026-04-28 09:33:00,High,4.94,data\APRIL 2026\DIAMOND HARBOUR.pdf
DIAMOND HARBOUR,2026-04-28 17:03:00,Low,1.51,data\APRIL 2026\DIAMOND HARBOUR.pdf
DIAMOND HARBOUR,2026-04-28 21:39:00,High,5.08,data\APRIL 2026\DIAMOND HARBOUR.pdf
DIAMOND HARBOUR,2026-04-29 05:30:00,Low,1.28,data\APRIL 2026\DIAMOND HARBOUR.pdf
DIAMOND HARBOUR,2026-04-29 10:08:00,High,5.23,data\APRIL 2026\DIAMOND HARBOUR.pdf
DIAMOND HARBOUR,2026-04-29 17:52:00,Low,1.37,data\APRIL 2026\DIAMOND HARBOUR.pdf
DIAMOND HARBOUR,2026-04-29 22:15:00,High,5.2,data\APRIL 2026\DIAMOND HARBOUR.pdf
DIAMOND HARBOUR,2026-04-30 06:10:00,Low,1.18,data\APRIL 2026\DIAMOND HARBOUR.pdf
DIAMOND HARBOUR,2026-04-30 10:35:00,High,5.47,data\APRIL 2026\DIAMOND HARBOUR.pdf
DIAMOND HARBOUR,2026-04-30 18:29:00,Low,1.28,data\APRIL 2026\DIAMOND HARBOUR.pdf
DIAMOND HARBOUR,2026-04-30 22:44:00,High,5.28,data\APRIL 2026\DIAMOND HARBOUR.pdf
DIAMOND HARBOUR,2026-05-01 06:42:00,Low,1.1,data\MAY 2026\DIAMOND HARBOUR.pdf
DIAMOND HARBOUR,2026-05-01 10:57:00,High,5.63,data\MAY 2026\DIAMOND HARBOUR.pdf
DIAMOND HARBOUR,2026-05-01 18:56:00,Low,1.24,data\MAY 2026\DIAMOND HARBOUR.pdf
DIAMOND HARBOUR,2026-05-01 23:11:00,High,5.3,data\MAY 2026\DIAMOND HARBOUR.pdf
DIAMOND HARBOUR,2026-05-02 07:07:00,Low,1.05,data\MAY 2026\DIAMOND HARBOUR.pdf
DIAMOND HARBOUR,2026-05-02 11:21:00,High,5.7,data\MAY 2026\DIAMOND HARBOUR.pdf
DIAMOND HARBOUR,2026-05-02 19:21:00,Low,1.24,data\MAY 2026\DIAMOND HARBOUR.pdf
DIAMOND HARBOUR,2026-05-02 23:37:00,High,5.28,data\MAY 2026\DIAMOND HARBOUR.pdf
DIAMOND HARBOUR,2026-05-03 07:30:00,Low,1.04,data\MAY 2026\DIAMOND HARBOUR.pdf
DIAMOND HARBOUR,2026-05-03 11:49:00,High,5.69,data\MAY 2026\DIAMOND HARBOUR.pdf
DIAMOND HARBOUR,2026-05-03 19:44:00,Low,1.28,data\MAY 2026\DIAMOND HARBOUR.pdf
DIAMOND HARBOUR,2026-05-04 00:06:00,High,5.21,data\MAY 2026\DIAMOND HARBOUR.pdf
DIAMOND HARBOUR,2026-05-04 07:55:00,Low,1.07,data\MAY 2026\DIAMOND HARBOUR.pdf
DIAMOND HARBOUR,2026-05-04 12:20:00,High,5.59,data\MAY 2026\DIAMOND HARBOUR.pdf
DIAMOND HARBOUR,2026-05-04 20:09:00,Low,1.36,data\MAY 2026\DIAMOND HARBOUR.pdf
DIAMOND HARBOUR,2026-05-05 00:39:00,High,5.09,data\MAY 2026\DIAMOND HARBOUR.pdf
DIAMOND HARBOUR,2026-05-05 08:21:00,Low,1.17,data\MAY 2026\DIAMOND HARBOUR.pdf
DIAMOND HARBOUR,2026-05-05 12:57:00,High,5.43,data\MAY 2026\DIAMOND HARBOUR.pdf
DIAMOND HARBOUR,2026-05-05 20:38:00,Low,1.49,data\MAY 2026\DIAMOND HARBOUR.pdf
DIAMOND HARBOUR,2026-05-06 01:13:00,High,4.92,data\MAY 2026\DIAMOND HARBOUR.pdf
DIAMOND HARBOUR,2026-05-06 08:48:00,Low,1.33,data\MAY 2026\DIAMOND HARBOUR.pdf
DIAMOND HARBOUR,2026-05-06 13:33:00,High,5.22,data\MAY 2026\DIAMOND HARBOUR.pdf
DIAMOND HARBOUR,2026-05-06 21:06:00,Low,1.65,data\MAY 2026\DIAMOND HARBOUR.pdf
DIAMOND HARBOUR,2026-05-07 01:47:00,High,4.72,data\MAY 2026\DIAMOND HARBOUR.pdf
DIAMOND HARBOUR,2026-05-07 09:10:00,Low,1.53,data\MAY 2026\DIAMOND HARBOUR.pdf
DIAMOND HARBOUR,2026-05-07 14:09:00,High,5.0,data\MAY 2026\DIAMOND HARBOUR.pdf
DIAMOND HARBOUR,2026-05-07 21:33:00,Low,1.82,data\MAY 2026\DIAMOND HARBOUR.pdf
DIAMOND HARBOUR,2026-05-08 02:24:00,High,4.51,data\MAY 2026\DIAMOND HARBOUR.pdf
DIAMOND HARBOUR,2026-05-08 09:32:00,Low,1.75,data\MAY 2026\DIAMOND HARBOUR.pdf
DIAMOND HARBOUR,2026-05-08 14:48:00,High,4.81,data\MAY 2026\DIAMOND HARBOUR.pdf
DIAMOND HARBOUR,2026-05-08 22:08:00,Low,1.98,data\MAY 2026\DIAMOND HARBOUR.pdf
DIAMOND HARBOUR,2026-05-09 03:08:00,High,4.32,data\MAY 2026\DIAMOND HARBOUR.pdf
DIAMOND HARBOUR,2026-05-09 10:06:00,Low,1.97,data\MAY 2026\DIAMOND HARBOUR.pdf
DIAMOND HARBOUR,2026-05-09 15:41:00,High,4.64,data\MAY 2026\DIAMOND HARBOUR.pdf
DIAMOND HARBOUR,2026-05-09 23:06:00,Low,2.07,data\MAY 2026\DIAMOND HARBOUR.pdf
DIAMOND HARBOUR,2026-05-10 04:15:00,High,4.19,data\MAY 2026\DIAMOND HARBOUR.pdf
DIAMOND HARBOUR,2026-05-10 11:18:00,Low,2.15,data\MAY 2026\DIAMOND HARBOUR.pdf
DIAMOND HARBOUR,2026-05-10 17:02:00,High,4.57,data\MAY 2026\DIAMOND HARBOUR.pdf
DIAMOND HARBOUR,2026-05-11 00:26:00,Low,2.04,data\MAY 2026\DIAMOND HARBOUR.pdf
DIAMOND HARBOUR,2026-05-11 05:51:00,High,4.24,data\MAY 2026\DIAMOND HARBOUR.pdf
DIAMOND HARBOUR,2026-05-11 12:56:00,Low,2.16,data\MAY 2026\DIAMOND HARBOUR.pdf
DIAMOND HARBOUR,2026-05-11 18:28:00,High,4.67,data\MAY 2026\DIAMOND HARBOUR.pdf
DIAMOND HARBOUR,2026-05-12 01:52:00,Low,1.85,data\MAY 2026\DIAMOND HARBOUR.pdf
DIAMOND HARBOUR,2026-05-12 07:20:00,High,4.53,data\MAY 2026\DIAMOND HARBOUR.pdf
DIAMOND HARBOUR,2026-05-12 14:27:00,Low,1.97,data\MAY 2026\DIAMOND HARBOUR.pdf
DIAMOND HARBOUR,2026-05-12 19:38:00,High,4.89,data\MAY 2026\DIAMOND HARBOUR.pdf
DIAMOND HARBOUR,2026-05-13 03:09:00,Low,1.6,data\MAY 2026\DIAMOND HARBOUR.pdf
DIAMOND HARBOUR,2026-05-13 08:22:00,High,4.97,data\MAY 2026\DIAMOND HARBOUR.pdf
DIAMOND HARBOUR,2026-05-13 15:47:00,Low,1.69,data\MAY 2026\DIAMOND HARBOUR.pdf
DIAMOND HARBOUR,2026-05-13 20:33:00,High,5.16,data\MAY 2026\DIAMOND HARBOUR.pdf
DIAMOND HARBOUR,2026-05-14 04:21:00,Low,1.32,data\MAY 2026\DIAMOND HARBOUR.pdf
DIAMOND HARBOUR,2026-05-14 09:07:00,High,5.43,data\MAY 2026\DIAMOND HARBOUR.pdf
DIAMOND HARBOUR,2026-05-14 16:55:00,Low,1.41,data\MAY 2026\DIAMOND HARBOUR.pdf
DIAMOND HARBOUR,2026-05-14 21:19:00,High,5.43,data\MAY 2026\DIAMOND HARBOUR.pdf
DIAMOND HARBOUR,2026-05-15 05:23:00,Low,1.07,data\MAY 2026\DIAMOND HARBOUR.pdf
DIAMOND HARBOUR,2026-05-15 09:41:00,High,5.85,data\MAY 2026\DIAMOND HARBOUR.pdf
DIAMOND HARBOUR,2026-05-15 17:51:00,Low,1.16,data\MAY 2026\DIAMOND HARBOUR.pdf
DIAMOND HARBOUR,2026-05-15 21:58:00,High,5.67,data\MAY 2026\DIAMOND HARBOUR.pdf
DIAMOND HARBOUR,2026-05-16 06:14:00,Low,0.86,data\MAY 2026\DIAMOND HARBOUR.pdf
DIAMOND HARBOUR,2026-05-16 10:14:00,High,6.19,data\MAY 2026\DIAMOND HARBOUR.pdf
DIAMOND HARBOUR,2026-05-16 18:40:00,Low,1.0,data\MAY 2026\DIAMOND HARBOUR.pdf
DIAMOND HARBOUR,2026-05-16 22:36:00,High,5.84,data\MAY 2026\DIAMOND HARBOUR.pdf
DIAMOND HARBOUR,2026-05-17 07:01:00,Low,0.74,data\MAY 2026\DIAMOND HARBOUR.pdf
DIAMOND HARBOUR,2026-05-17 10:51:00,High,6.38,data\MAY 2026\DIAMOND HARBOUR.pdf
DIAMOND HARBOUR,2026-05-17 19:24:00,Low,0.93,data\MAY 2026\DIAMOND HARBOUR.pdf
DIAMOND HARBOUR,2026-05-17 23:18:00,High,5.89,data\MAY 2026\DIAMOND HARBOUR.pdf
DIAMOND HARBOUR,2026-05-18 07:45:00,Low,0.73,data\MAY 2026\DIAMOND HARBOUR.pdf
DIAMOND HARBOUR,2026-05-18 11:32:00,High,6.38,data\MAY 2026\DIAMOND HARBOUR.pdf
DIAMOND HARBOUR,2026-05-18 20:09:00,Low,0.99,data\MAY 2026\DIAMOND HARBOUR.pdf
DIAMOND HARBOUR,2026-05-19 00:08:00,High,5.79,data\MAY 2026\DIAMOND HARBOUR.pdf
DIAMOND HARBOUR,2026-05-19 08:26:00,Low,0.85,data\MAY 2026\DIAMOND HARBOUR.pdf
DIAMOND HARBOUR,2026-05-19 12:24:00,High,6.19,data\MAY 2026\DIAMOND HARBOUR.pdf
DIAMOND HARBOUR,2026-05-19 20:53:00,Low,1.16,data\MAY 2026\DIAMOND HARBOUR.pdf
DIAMOND HARBOUR,2026-05-20 01:02:00,High,5.54,data\MAY 2026\DIAMOND HARBOUR.pdf
DIAMOND HARBOUR,2026-05-20 09:05:00,Low,1.08,data\MAY 2026\DIAMOND HARBOUR.pdf
DIAMOND HARBOUR,2026-05-20 13:21:00,High,5.85,data\MAY 2026\DIAMOND HARBOUR.pdf
DIAMOND HARBOUR,2026-05-20 21:37:00,Low,1.38,data\MAY 2026\DIAMOND HARBOUR.pdf
DIAMOND HARBOUR,2026-05-21 02:01:00,High,5.21,data\MAY 2026\DIAMOND HARBOUR.pdf
DIAMOND HARBOUR,2026-05-21 09:44:00,Low,1.37,data\MAY 2026\DIAMOND HARBOUR.pdf
DIAMOND HARBOUR,2026-05-21 14:23:00,High,5.47,data\MAY 2026\DIAMOND HARBOUR.pdf
DIAMOND HARBOUR,2026-05-21 22:21:00,Low,1.6,data\MAY 2026\DIAMOND HARBOUR.pdf
DIAMOND HARBOUR,2026-05-22 03:03:00,High,4.89,data\MAY 2026\DIAMOND HARBOUR.pdf
DIAMOND HARBOUR,2026-05-22 10:23:00,Low,1.67,data\MAY 2026\DIAMOND HARBOUR.pdf
DIAMOND HARBOUR,2026-05-22 15:29:00,High,5.13,data\MAY 2026\DIAMOND HARBOUR.pdf
DIAMOND HARBOUR,2026-05-22 23:15:00,Low,1.76,data\MAY 2026\DIAMOND HARBOUR.pdf
DIAMOND HARBOUR,2026-05-23 04:11:00,High,4.65,data\MAY 2026\DIAMOND HARBOUR.pdf
DIAMOND HARBOUR,2026-05-23 11:15:00,Low,1.92,data\MAY 2026\DIAMOND HARBOUR.pdf
DIAMOND HARBOUR,2026-05-23 16:40:00,High,4.89,data\MAY 2026\DIAMOND HARBOUR.pdf
DIAMOND HARBOUR,2026-05-24 00:18:00,Low,1.83,data\MAY 2026\DIAMOND HARBOUR.pdf
DIAMOND HARBOUR,2026-05-24 05:21:00,High,4.54,data\MAY 2026\DIAMOND HARBOUR.pdf
DIAMOND HARBOUR,2026-05-24 12:30:00,Low,2.07,data\MAY 2026\DIAMOND HARBOUR.pdf
DIAMOND HARBOUR,2026-05-24 17:49:00,High,4.77,data\MAY 2026\DIAMOND HARBOUR.pdf
DIAMOND HARBOUR,2026-05-25 01:20:00,Low,1.83,data\MAY 2026\DIAMOND HARBOUR.pdf
DIAMOND HARBOUR,2026-05-25 06:36:00,High,4.57,data\MAY 2026\DIAMOND HARBOUR.pdf
DIAMOND HARBOUR,2026-05-25 13:43:00,Low,2.08,data\MAY 2026\DIAMOND HARBOUR.pdf
DIAMOND HARBOUR,2026-05-25 18:58:00,High,4.75,data\MAY 2026\DIAMOND HARBOUR.pdf
DIAMOND HARBOUR,2026-05-26 02:21:00,Low,1.8,data\MAY 2026\DIAMOND HARBOUR.pdf
DIAMOND HARBOUR,2026-05-26 07:51:00,High,4.74,data\MAY 2026\DIAMOND HARBOUR.pdf
DIAMOND HARBOUR,2026-05-26 14:54:00,Low,2.01,data\MAY 2026\DIAMOND HARBOUR.pdf
DIAMOND HARBOUR,2026-05-26 20:04:00,High,4.8,data\MAY 2026\DIAMOND HARBOUR.pdf
DIAMOND HARBOUR,2026-05-27 03:24:00,Low,1.75,data\MAY 2026\DIAMOND HARBOUR.pdf
DIAMOND HARBOUR,2026-05-27 08:45:00,High,4.97,data\MAY 2026\DIAMOND HARBOUR.pdf
DIAMOND HARBOUR,2026-05-27 16:02:00,Low,1.9,data\MAY 2026\DIAMOND HARBOUR.pdf
DIAMOND HARBOUR,2026-05-27 20:57:00,High,4.89,data\MAY 2026\DIAMOND HARBOUR.pdf
DIAMOND HARBOUR,2026-05-28 04:24:00,Low,1.66,data\MAY 2026\DIAMOND HARBOUR.pdf
DIAMOND HARBOUR,2026-05-28 09:27:00,High,5.21,data\MAY 2026\DIAMOND HARBOUR.pdf
DIAMOND HARBOUR,2026-05-28 16:59:00,Low,1.77,data\MAY 2026\DIAMOND HARBOUR.pdf
DIAMOND HARBOUR,2026-05-28 21:40:00,High,4.98,data\MAY 2026\DIAMOND HARBOUR.pdf
DIAMOND HARBOUR,2026-05-29 05:15:00,Low,1.55,data\MAY 2026\DIAMOND HARBOUR.pdf
DIAMOND HARBOUR,2026-05-29 10:02:00,High,5.41,data\MAY 2026\DIAMOND HARBOUR.pdf
DIAMOND HARBOUR,2026-05-29 17:43:00,Low,1.65,data\MAY 2026\DIAMOND HARBOUR.pdf
DIAMOND HARBOUR,2026-05-29 22:19:00,High,5.05,data\MAY 2026\DIAMOND HARBOUR.pdf
DIAMOND HARBOUR,2026-05-30 05:56:00,Low,1.45,data\MAY 2026\DIAMOND HARBOUR.pdf
DIAMOND HARBOUR,2026-05-30 10:34:00,High,5.57,data\MAY 2026\DIAMOND HARBOUR.pdf
DIAMOND HARBOUR,2026-05-30 18:18:00,Low,1.57,data\MAY 2026\DIAMOND HARBOUR.pdf
DIAMOND HARBOUR,2026-05-30 22:52:00,High,5.12,data\MAY 2026\DIAMOND HARBOUR.pdf
DIAMOND HARBOUR,2026-05-31 06:29:00,Low,1.36,data\MAY 2026\DIAMOND HARBOUR.pdf
DIAMOND HARBOUR,2026-05-31 11:04:00,High,5.66,data\MAY 2026\DIAMOND HARBOUR.pdf
DIAMOND HARBOUR,2026-05-31 18:48:00,Low,1.53,data\MAY 2026\DIAMOND HARBOUR.pdf
DIAMOND HARBOUR,2026-05-31 23:22:00,High,5.15,data\MAY 2026\DIAMOND HARBOUR.pdf
DIAMOND HARBOUR,2026-06-01 06:59:00,Low,1.32,data\JUNE 2026\DIAMOND HARBOUR.pdf
DIAMOND HARBOUR,2026-06-01 11:33:00,High,5.69,data\JUNE 2026\DIAMOND HARBOUR.pdf
DIAMOND HARBOUR,2026-06-01 19:16:00,Low,1.54,data\JUNE 2026\DIAMOND HARBOUR.pdf
DIAMOND HARBOUR,2026-06-01 23:52:00,High,5.16,data\JUNE 2026\DIAMOND HARBOUR.pdf
DIAMOND HARBOUR,2026-06-02 07:27:00,Low,1.33,data\JUNE 2026\DIAMOND HARBOUR.pdf
DIAMOND HARBOUR,2026-06-02 12:03:00,High,5.66,data\JUNE 2026\DIAMOND HARBOUR.pdf
DIAMOND HARBOUR,2026-06-02 19:46:00,Low,1.57,data\JUNE 2026\DIAMOND HARBOUR.pdf
DIAMOND HARBOUR,2026-06-03 00:24:00,High,5.12,data\JUNE 2026\DIAMOND HARBOUR.pdf
DIAMOND HARBOUR,2026-06-03 07:58:00,Low,1.38,data\JUNE 2026\DIAMOND HARBOUR.pdf
DIAMOND HARBOUR,2026-06-03 12:38:00,High,5.58,data\JUNE 2026\DIAMOND HARBOUR.pdf
DIAMOND HARBOUR,2026-06-03 20:18:00,Low,1.63,data\JUNE 2026\DIAMOND HARBOUR.pdf
DIAMOND HARBOUR,2026-06-04 00:59:00,High,5.05,data\JUNE 2026\DIAMOND HARBOUR.pdf
DIAMOND HARBOUR,2026-06-04 08:28:00,Low,1.49,data\JUNE 2026\DIAMOND HARBOUR.pdf
DIAMOND HARBOUR,2026-06-04 13:14:00,High,5.45,data\JUNE 2026\DIAMOND HARBOUR.pdf
DIAMOND HARBOUR,2026-06-04 20:53:00,Low,1.71,data\JUNE 2026\DIAMOND HARBOUR.pdf
DIAMOND HARBOUR,2026-06-05 01:36:00,High,4.95,data\JUNE 2026\DIAMOND HARBOUR.pdf
DIAMOND HARBOUR,2026-06-05 08:58:00,Low,1.63,data\JUNE 2026\DIAMOND HARBOUR.pdf
DIAMOND HARBOUR,2026-06-05 13:53:00,High,5.32,data\JUNE 2026\DIAMOND HARBOUR.pdf
DIAMOND HARBOUR,2026-06-05 21:28:00,Low,1.78,data\JUNE 2026\DIAMOND HARBOUR.pdf
DIAMOND HARBOUR,2026-06-06 02:15:00,High,4.85,data\JUNE 2026\DIAMOND HARBOUR.pdf
DIAMOND HARBOUR,2026-06-06 09:28:00,Low,1.79,data\JUNE 2026\DIAMOND HARBOUR.pdf
DIAMOND HARBOUR,2026-06-06 14:32:00,High,5.2,data\JUNE 2026\DIAMOND HARBOUR.pdf
DIAMOND HARBOUR,2026-06-06 22:06:00,Low,1.84,data\JUNE 2026\DIAMOND HARBOUR.pdf
DIAMOND HARBOUR,2026-06-07 02:59:00,High,4.77,data\JUNE 2026\DIAMOND HARBOUR.pdf
DIAMOND HARBOUR,2026-06-07 10:04:00,Low,1.93,data\JUNE 2026\DIAMOND HARBOUR.pdf
DIAMOND HARBOUR,2026-06-07 15:17:00,High,5.11,data\JUNE 2026\DIAMOND HARBOUR.pdf
DIAMOND HARBOUR,2026-06-07 22:48:00,Low,1.86,data\JUNE 2026\DIAMOND HARBOUR.pdf
DIAMOND HARBOUR,2026-06-08 03:51:00,High,4.74,data\JUNE 2026\DIAMOND HARBOUR.pdf
DIAMOND HARBOUR,2026-06-08 10:56:00,Low,2.06,data\JUNE 2026\DIAMOND HARBOUR.pdf
DIAMOND HARBOUR,2026-06-08 16:14:00,High,5.02,data\JUNE 2026\DIAMOND HARBOUR.pdf
DIAMOND HARBOUR,2026-06-08 23:43:00,Low,1.84,data\JUNE 2026\DIAMOND HARBOUR.pdf
DIAMOND HARBOUR,2026-06-09 04:57:00,High,4.76,data\JUNE 2026\DIAMOND HARBOUR.pdf
DIAMOND HARBOUR,2026-06-09 12:03:00,Low,2.12,data\JUNE 2026\DIAMOND HARBOUR.pdf
DIAMOND HARBOUR,2026-06-09 17:23:00,High,4.97,data\JUNE 2026\DIAMOND HARBOUR.pdf
DIAMOND HARBOUR,2026-06-10 00:46:00,Low,1.79,data\JUNE 2026\DIAMOND HARBOUR.pdf
DIAMOND HARBOUR,2026-06-10 06:15:00,High,4.89,data\JUNE 2026\DIAMOND HARBOUR.pdf
DIAMOND HARBOUR,2026-06-10 13:21:00,Low,2.07,data\JUNE 2026\DIAMOND HARBOUR.pdf
DIAMOND HARBOUR,2026-06-10 18:39:00,High,5.0,data\JUNE 2026\DIAMOND HARBOUR.pdf
DIAMOND HARBOUR,2026-06-11 02:00:00,Low,1.69,data\JUNE 2026\DIAMOND HARBOUR.pdf
DIAMOND HARBOUR,2026-06-11 07:25:00,High,5.16,data\JUNE 2026\DIAMOND HARBOUR.pdf
DIAMOND HARBOUR,2026-06-11 14:45:00,Low,1.9,data\JUNE 2026\DIAMOND HARBOUR.pdf
DIAMOND HARBOUR,2026-06-11 19:45:00,High,5.12,data\JUNE 2026\DIAMOND HARBOUR.pdf
DIAMOND HARBOUR,2026-06-12 03:17:00,Low,1.53,data\JUNE 2026\DIAMOND HARBOUR.pdf
DIAMOND HARBOUR,2026-06-12 08:23:00,High,5.5,data\JUNE 2026\DIAMOND HARBOUR.pdf
DIAMOND HARBOUR,2026-06-12 16:02:00,Low,1.67,data\JUNE 2026\DIAMOND HARBOUR.pdf
DIAMOND HARBOUR,2026-06-12 20:42:00,High,5.3,data\JUNE 2026\DIAMOND HARBOUR.pdf
DIAMOND HARBOUR,2026-06-13 04:30:00,Low,1.34,data\JUNE 2026\DIAMOND HARBOUR.pdf
DIAMOND HARBOUR,2026-06-13 09:10:00,High,5.84,data\JUNE 2026\DIAMOND HARBOUR.pdf
DIAMOND HARBOUR,2026-06-13 17:10:00,Low,1.44,data\JUNE 2026\DIAMOND HARBOUR.pdf
DIAMOND HARBOUR,2026-06-13 21:34:00,High,5.51,data\JUNE 2026\DIAMOND HARBOUR.pdf
DIAMOND HARBOUR,2026-06-14 05:35:00,Low,1.15,data\JUNE 2026\DIAMOND HARBOUR.pdf
DIAMOND HARBOUR,2026-06-14 09:53:00,High,6.15,data\JUNE 2026\DIAMOND HARBOUR.pdf
DIAMOND HARBOUR,2026-06-14 18:11:00,Low,1.26,data\JUNE 2026\DIAMOND HARBOUR.pdf
DIAMOND HARBOUR,2026-06-14 22:22:00,High,5.7,data\JUNE 2026\DIAMOND HARBOUR.pdf
DIAMOND HARBOUR,2026-06-15 06:34:00,Low,1.01,data\JUNE 2026\DIAMOND HARBOUR.pdf
DIAMOND HARBOUR,2026-06-15 10:38:00,High,6.35,data\JUNE 2026\DIAMOND HARBOUR.pdf
DIAMOND HARBOUR,2026-06-15 19:04:00,Low,1.16,data\JUNE 2026\DIAMOND HARBOUR.pdf
DIAMOND HARBOUR,2026-06-15 23:10:00,High,5.83,data\JUNE 2026\DIAMOND HARBOUR.pdf
DIAMOND HARBOUR,2026-06-16 07:24:00,Low,0.97,data\JUNE 2026\DIAMOND HARBOUR.pdf
DIAMOND HARBOUR,2026-06-16 11:23:00,High,6.41,data\JUNE 2026\DIAMOND HARBOUR.pdf
DIAMOND HARBOUR,2026-06-16 19:55:00,Low,1.15,data\JUNE 2026\DIAMOND HARBOUR.pdf
DIAMOND HARBOUR,2026-06-17 00:01:00,High,5.83,data\JUNE 2026\DIAMOND HARBOUR.pdf
DIAMOND HARBOUR,2026-06-17 08:12:00,Low,1.03,data\JUNE 2026\DIAMOND HARBOUR.pdf
DIAMOND HARBOUR,2026-06-17 12:15:00,High,6.3,data\JUNE 2026\DIAMOND HARBOUR.pdf
DIAMOND HARBOUR,2026-06-17 20:43:00,Low,1.22,data\JUNE 2026\DIAMOND HARBOUR.pdf
DIAMOND HARBOUR,2026-06-18 00:54:00,High,5.72,data\JUNE 2026\DIAMOND HARBOUR.pdf
DIAMOND HARBOUR,2026-06-18 08:56:00,Low,1.2,data\JUNE 2026\DIAMOND HARBOUR.pdf
DIAMOND HARBOUR,2026-06-18 13:11:00,High,6.07,data\JUNE 2026\DIAMOND HARBOUR.pdf
DIAMOND HARBOUR,2026-06-18 21:30:00,Low,1.35,data\JUNE 2026\DIAMOND HARBOUR.pdf
DIAMOND HARBOUR,2026-06-19 01:49:00,High,5.52,data\JUNE 2026\DIAMOND HARBOUR.pdf
DIAMOND HARBOUR,2026-06-19 09:36:00,Low,1.42,data\JUNE 2026\DIAMOND HARBOUR.pdf
DIAMOND HARBOUR,2026-06-19 14:07:00,High,5.77,data\JUNE 2026\DIAMOND HARBOUR.pdf
DIAMOND HARBOUR,2026-06-19 22:11:00,Low,1.49,data\JUNE 2026\DIAMOND HARBOUR.pdf
DIAMOND HARBOUR,2026-06-20 02:44:00,High,5.3,data\JUNE 2026\DIAMOND HARBOUR.pdf
DIAMOND HARBOUR,2026-06-20 10:12:00,Low,1.65,data\JUNE 2026\DIAMOND HARBOUR.pdf
DIAMOND HARBOUR,2026-06-20 15:02:00,High,5.46,data\JUNE 2026\DIAMOND HARBOUR.pdf
DIAMOND HARBOUR,2026-06-20 22:48:00,Low,1.63,data\JUNE 2026\DIAMOND HARBOUR.pdf
DIAMOND HARBOUR,2026-06-21 03:36:00,High,5.09,data\JUNE 2026\DIAMOND HARBOUR.pdf
DIAMOND HARBOUR,2026-06-21 10:47:00,Low,1.88,data\JUNE 2026\DIAMOND HARBOUR.pdf
DIAMOND HARBOUR,2026-06-21 15:54:00,High,5.19,data\JUNE 2026\DIAMOND HARBOUR.pdf
DIAMOND HARBOUR,2026-06-21 23:26:00,Low,1.76,data\JUNE 2026\DIAMOND HARBOUR.pdf
DIAMOND HARBOUR,2026-06-22 04:27:00,High,4.93,data\JUNE 2026\DIAMOND HARBOUR.pdf
DIAMOND HARBOUR,2026-06-22 11:32:00,Low,2.08,data\JUNE 2026\DIAMOND HARBOUR.pdf
DIAMOND HARBOUR,2026-06-22 16:45:00,High,4.96,data\JUNE 2026\DIAMOND HARBOUR.pdf
DIAMOND HARBOUR,2026-06-23 00:09:00,Low,1.89,data\JUNE 2026\DIAMOND HARBOUR.pdf
DIAMOND HARBOUR,2026-06-23 05:25:00,High,4.81,data\JUNE 2026\DIAMOND HARBOUR.pdf
DIAMOND HARBOUR,2026-06-23 12:32:00,Low,2.23,data\JUNE 2026\DIAMOND HARBOUR.pdf
DIAMOND HARBOUR,2026-06-23 17:45:00,High,4.77,data\JUNE 2026\DIAMOND HARBOUR.pdf
DIAMOND HARBOUR,2026-06-24 01:04:00,Low,1.99,data\JUNE 2026\DIAMOND HARBOUR.pdf
DIAMOND HARBOUR,2026-06-24 06:34:00,High,4.79,data\JUNE 2026\DIAMOND HARBOUR.pdf
DIAMOND HARBOUR,2026-06-24 13:44:00,Low,2.29,data\JUNE 2026\DIAMOND HARBOUR.pdf
DIAMOND HARBOUR,2026-06-24 18:54:00,High,4.66,data\JUNE 2026\DIAMOND HARBOUR.pdf
DIAMOND HARBOUR,2026-06-25 02:11:00,Low,2.03,data\JUNE 2026\DIAMOND HARBOUR.pdf
DIAMOND HARBOUR,2026-06-25 07:50:00,High,4.88,data\JUNE 2026\DIAMOND HARBOUR.pdf
DIAMOND HARBOUR,2026-06-25 14:58:00,Low,2.22,data\JUNE 2026\DIAMOND HARBOUR.pdf
DIAMOND HARBOUR,2026-06-25 20:10:00,High,4.66,data\JUNE 2026\DIAMOND HARBOUR.pdf
DIAMOND HARBOUR,2026-06-26 03:21:00,Low,1.97,data\JUNE 2026\DIAMOND HARBOUR.pdf
DIAMOND HARBOUR,2026-06-26 08:50:00,High,5.07,data\JUNE 2026\DIAMOND HARBOUR.pdf
DIAMOND HARBOUR,2026-06-26 16:08:00,Low,2.08,data\JUNE 2026\DIAMOND HARBOUR.pdf
DIAMOND HARBOUR,2026-06-26 21:12:00,High,4.76,data\JUNE 2026\DIAMOND HARBOUR.pdf
DIAMOND HARBOUR,2026-06-27 04:26:00,Low,1.84,data\JUNE 2026\DIAMOND HARBOUR.pdf
DIAMOND HARBOUR,2026-06-27 09:38:00,High,5.28,data\JUNE 2026\DIAMOND HARBOUR.pdf
DIAMOND HARBOUR,2026-06-27 17:06:00,Low,1.91,data\JUNE 2026\DIAMOND HARBOUR.pdf
DIAMOND HARBOUR,2026-06-27 22:01:00,High,4.88,data\JUNE 2026\DIAMOND HARBOUR.pdf
DIAMOND HARBOUR,2026-06-28 05:21:00,Low,1.69,data\JUNE 2026\DIAMOND HARBOUR.pdf
DIAMOND HARBOUR,2026-06-28 10:20:00,High,5.47,data\JUNE 2026\DIAMOND HARBOUR.pdf
DIAMOND HARBOUR,2026-06-28 17:51:00,Low,1.77,data\JUNE 2026\DIAMOND HARBOUR.pdf
DIAMOND HARBOUR,2026-06-28 22:42:00,High,5.01,data\JUNE 2026\DIAMOND HARBOUR.pdf
DIAMOND HARBOUR,2026-06-29 06:06:00,Low,1.56,data\JUNE 2026\DIAMOND HARBOUR.pdf
DIAMOND HARBOUR,2026-06-29 10:55:00,High,5.63,data\JUNE 2026\DIAMOND HARBOUR.pdf
DIAMOND HARBOUR,2026-06-29 18:30:00,Low,1.68,data\JUNE 2026\DIAMOND HARBOUR.pdf
DIAMOND HARBOUR,2026-06-29 23:14:00,High,5.13,data\JUNE 2026\DIAMOND HARBOUR.pdf
DIAMOND HARBOUR,2026-06-30 06:43:00,Low,1.48,data\JUNE 2026\DIAMOND HARBOUR.pdf
DIAMOND HARBOUR,2026-06-30 11:24:00,High,5.75,data\JUNE 2026\DIAMOND HARBOUR.pdf
DIAMOND HARBOUR,2026-06-30 19:02:00,Low,1.61,data\JUNE 2026\DIAMOND HARBOUR.pdf
DIAMOND HARBOUR,2026-06-30 23:43:00,High,5.24,data\JUNE 2026\DIAMOND HARBOUR.pdf
HALDIA,2026-04-01 06:02:00,Low,0.68,data\APRIL 2026\HALDIA.pdf
HALDIA,2026-04-01 10:39:00,High,5.23,data\APRIL 2026\HALDIA.pdf
HALDIA,2026-04-01 18:12:00,Low,0.8,data\APRIL 2026\HALDIA.pdf
HALDIA,2026-04-01 22:44:00,High,5.27,data\APRIL 2026\HALDIA.pdf
HALDIA,2026-04-02 06:27:00,Low,0.6,data\APRIL 2026\HALDIA.pdf
HALDIA,2026-04-02 11:01:00,High,5.38,data\APRIL 2026\HALDIA.pdf
HALDIA,2026-04-02 18:37:00,Low,0.77,data\APRIL 2026\HALDIA.pdf
HALDIA,2026-04-02 23:10:00,High,5.26,data\APRIL 2026\HALDIA.pdf
HALDIA,2026-04-03 06:48:00,Low,0.59,data\APRIL 2026\HALDIA.pdf
HALDIA,2026-04-03 11:26:00,High,5.44,data\APRIL 2026\HALDIA.pdf
HALDIA,2026-04-03 18:59:00,Low,0.81,data\APRIL 2026\HALDIA.pdf
HALDIA,2026-04-03 23:36:00,High,5.18,data\APRIL 2026\HALDIA.pdf
HALDIA,2026-04-04 07:08:00,Low,0.62,data\APRIL 2026\HALDIA.pdf
HALDIA,2026-04-04 11:55:00,High,5.4,data\APRIL 2026\HALDIA.pdf
HALDIA,2026-04-04 19:21:00,Low,0.88,data\APRIL 2026\HALDIA.pdf
HALDIA,2026-04-05 00:05:00,High,5.06,data\APRIL 2026\HALDIA.pdf
HALDIA,2026-04-05 07:31:00,Low,0.69,data\APRIL 2026\HALDIA.pdf
HALDIA,2026-04-05 12:27:00,High,5.29,data\APRIL 2026\HALDIA.pdf
HALDIA,2026-04-05 19:43:00,Low,0.99,data\APRIL 2026\HALDIA.pdf
HALDIA,2026-04-06 00:33:00,High,4.89,data\APRIL 2026\HALDIA.pdf
HALDIA,2026-04-06 07:53:00,Low,0.8,data\APRIL 2026\HALDIA.pdf
HALDIA,2026-04-06 13:01:00,High,5.11,data\APRIL 2026\HALDIA.pdf
HALDIA,2026-04-06 20:05:00,Low,1.15,data\APRIL 2026\HALDIA.pdf
HALDIA,2026-04-07 01:03:00,High,4.68,data\APRIL 2026\HALDIA.pdf
HALDIA,2026-04-07 08:13:00,Low,0.99,data\APRIL 2026\HALDIA.pdf
HALDIA,2026-04-07 13:31:00,High,4.87,data\APRIL 2026\HALDIA.pdf
HALDIA,2026-04-07 20:24:00,Low,1.38,data\APRIL 2026\HALDIA.pdf
HALDIA,2026-04-08 01:31:00,High,4.43,data\APRIL 2026\HALDIA.pdf
HALDIA,2026-04-08 08:30:00,Low,1.25,data\APRIL 2026\HALDIA.pdf
HALDIA,2026-04-08 14:00:00,High,4.6,data\APRIL 2026\HALDIA.pdf
HALDIA,2026-04-08 20:42:00,Low,1.66,data\APRIL 2026\HALDIA.pdf
HALDIA,2026-04-09 01:59:00,High,4.15,data\APRIL 2026\HALDIA.pdf
HALDIA,2026-04-09 08:46:00,Low,1.56,data\APRIL 2026\HALDIA.pdf
HALDIA,2026-04-09 14:33:00,High,4.32,data\APRIL 2026\HALDIA.pdf
HALDIA,2026-04-09 21:12:00,Low,1.96,data\APRIL 2026\HALDIA.pdf
HALDIA,2026-04-10 02:40:00,High,3.85,data\APRIL 2026\HALDIA.pdf
HALDIA,2026-04-10 09:19:00,Low,1.88,data\APRIL 2026\HALDIA.pdf
HALDIA,2026-04-10 15:32:00,High,4.05,data\APRIL 2026\HALDIA.pdf
HALDIA,2026-04-10 22:26:00,Low,2.2,data\APRIL 2026\HALDIA.pdf
HALDIA,2026-04-11 04:01:00,High,3.57,data\APRIL 2026\HALDIA.pdf
HALDIA,2026-04-11 10:57:00,Low,2.17,data\APRIL 2026\HALDIA.pdf
HALDIA,2026-04-11 17:41:00,High,3.99,data\APRIL 2026\HALDIA.pdf
HALDIA,2026-04-12 00:40:00,Low,2.17,data\APRIL 2026\HALDIA.pdf
HALDIA,2026-04-12 06:34:00,High,3.61,data\APRIL 2026\HALDIA.pdf
HALDIA,2026-04-12 13:17:00,Low,2.1,data\APRIL 2026\HALDIA.pdf
HALDIA,2026-04-12 19:14:00,High,4.25,data\APRIL 2026\HALDIA.pdf
HALDIA,2026-04-13 02:25:00,Low,1.84,data\APRIL 2026\HALDIA.pdf
HALDIA,2026-04-13 08:07:00,High,4.03,data\APRIL 2026\HALDIA.pdf
HALDIA,2026-04-13 14:52:00,Low,1.79,data\APRIL 2026\HALDIA.pdf
HALDIA,2026-04-13 20:12:00,High,4.62,data\APRIL 2026\HALDIA.pdf
HALDIA,2026-04-14 03:39:00,Low,1.45,data\APRIL 2026\HALDIA.pdf
HALDIA,2026-04-14 08:55:00,High,4.54,data\APRIL 2026\HALDIA.pdf
HALDIA,2026-04-14 16:01:00,Low,1.43,data\APRIL 2026\HALDIA.pdf
HALDIA,2026-04-14 20:56:00,High,4.99,data\APRIL 2026\HALDIA.pdf
HALDIA,2026-04-15 04:36:00,Low,1.06,data\APRIL 2026\HALDIA.pdf
HALDIA,2026-04-15 09:27:00,High,5.06,data\APRIL 2026\HALDIA.pdf
HALDIA,2026-04-15 16:53:00,Low,1.09,data\APRIL 2026\HALDIA.pdf
HALDIA,2026-04-15 21:31:00,High,5.32,data\APRIL 2026\HALDIA.pdf
HALDIA,2026-04-16 05:21:00,Low,0.73,data\APRIL 2026\HALDIA.pdf
HALDIA,2026-04-16 09:55:00,High,5.52,data\APRIL 2026\HALDIA.pdf
HALDIA,2026-04-16 17:35:00,Low,0.81,data\APRIL 2026\HALDIA.pdf
HALDIA,2026-04-16 22:03:00,High,5.59,data\APRIL 2026\HALDIA.pdf
HALDIA,2026-04-17 05:58:00,Low,0.47,data\APRIL 2026\HALDIA.pdf
HALDIA,2026-04-17 10:22:00,High,5.87,data\APRIL 2026\HALDIA.pdf
HALDIA,2026-04-17 18:12:00,Low,0.61,data\APRIL 2026\HALDIA.pdf
HALDIA,2026-04-17 22:37:00,High,5.74,data\APRIL 2026\HALDIA.pdf
HALDIA,2026-04-18 06:32:00,Low,0.31,data\APRIL 2026\HALDIA.pdf
HALDIA,2026-04-18 10:57:00,High,6.06,data\APRIL 2026\HALDIA.pdf
HALDIA,2026-04-18 18:49:00,Low,0.53,data\APRIL 2026\HALDIA.pdf
HALDIA,2026-04-18 23:15:00,High,5.75,data\APRIL 2026\HALDIA.pdf
HALDIA,2026-04-19 07:08:00,Low,0.28,data\APRIL 2026\HALDIA.pdf
HALDIA,2026-04-19 11:38:00,High,6.05,data\APRIL 2026\HALDIA.pdf
HALDIA,2026-04-19 19:28:00,Low,0.6,data\APRIL 2026\HALDIA.pdf
HALDIA,2026-04-19 23:58:00,High,5.58,data\APRIL 2026\HALDIA.pdf
HALDIA,2026-04-20 07:44:00,Low,0.42,data\APRIL 2026\HALDIA.pdf
HALDIA,2026-04-20 12:24:00,High,5.83,data\APRIL 2026\HALDIA.pdf
HALDIA,2026-04-20 20:04:00,Low,0.81,data\APRIL 2026\HALDIA.pdf
HALDIA,2026-04-21 00:44:00,High,5.26,data\APRIL 2026\HALDIA.pdf
HALDIA,2026-04-21 08:17:00,Low,0.69,data\APRIL 2026\HALDIA.pdf
HALDIA,2026-04-21 13:14:00,High,5.48,data\APRIL 2026\HALDIA.pdf
HALDIA,2026-04-21 20:40:00,Low,1.12,data\APRIL 2026\HALDIA.pdf
HALDIA,2026-04-22 01:34:00,High,4.86,data\APRIL 2026\HALDIA.pdf
HALDIA,2026-04-22 08:49:00,Low,1.05,data\APRIL 2026\HALDIA.pdf
HALDIA,2026-04-22 14:04:00,High,5.06,data\APRIL 2026\HALDIA.pdf
HALDIA,2026-04-22 21:18:00,Low,1.48,data\APRIL 2026\HALDIA.pdf
HALDIA,2026-04-23 02:29:00,High,4.43,data\APRIL 2026\HALDIA.pdf
HALDIA,2026-04-23 09:26:00,Low,1.47,data\APRIL 2026\HALDIA.pdf
HALDIA,2026-04-23 15:06:00,High,4.65,data\APRIL 2026\HALDIA.pdf
HALDIA,2026-04-23 22:12:00,Low,1.81,data\APRIL 2026\HALDIA.pdf
HALDIA,2026-04-24 03:45:00,High,4.06,data\APRIL 2026\HALDIA.pdf
HALDIA,2026-04-24 10:23:00,Low,1.85,data\APRIL 2026\HALDIA.pdf
HALDIA,2026-04-24 16:39:00,High,4.38,data\APRIL 2026\HALDIA.pdf
HALDIA,2026-04-24 23:51:00,Low,1.95,data\APRIL 2026\HALDIA.pdf
HALDIA,2026-04-25 05:26:00,High,3.93,data\APRIL 2026\HALDIA.pdf
HALDIA,2026-04-25 12:12:00,Low,2.04,data\APRIL 2026\HALDIA.pdf
HALDIA,2026-04-25 18:12:00,High,4.37,data\APRIL 2026\HALDIA.pdf
HALDIA,2026-04-26 01:20:00,Low,1.83,data\APRIL 2026\HALDIA.pdf
HALDIA,2026-04-26 07:09:00,High,4.09,data\APRIL 2026\HALDIA.pdf
HALDIA,2026-04-26 13:49:00,Low,1.93,data\APRIL 2026\HALDIA.pdf
HALDIA,2026-04-26 19:33:00,High,4.54,data\APRIL 2026\HALDIA.pdf
HALDIA,2026-04-27 02:38:00,Low,1.62,data\APRIL 2026\HALDIA.pdf
HALDIA,2026-04-27 08:22:00,High,4.43,data\APRIL 2026\HALDIA.pdf
HALDIA,2026-04-27 15:11:00,Low,1.71,data\APRIL 2026\HALDIA.pdf
HALDIA,2026-04-27 20:28:00,High,4.74,data\APRIL 2026\HALDIA.pdf
HALDIA,2026-04-28 03:45:00,Low,1.41,data\APRIL 2026\HALDIA.pdf
HALDIA,2026-04-28 09:06:00,High,4.78,data\APRIL 2026\HALDIA.pdf
HALDIA,2026-04-28 16:13:00,Low,1.49,data\APRIL 2026\HALDIA.pdf
HALDIA,2026-04-28 21:10:00,High,4.9,data\APRIL 2026\HALDIA.pdf
HALDIA,2026-04-29 04:36:00,Low,1.23,data\APRIL 2026\HALDIA.pdf
HALDIA,2026-04-29 09:40:00,High,5.08,data\APRIL 2026\HALDIA.pdf
HALDIA,2026-04-29 16:58:00,Low,1.33,data\APRIL 2026\HALDIA.pdf
HALDIA,2026-04-29 21:45:00,High,5.0,data\APRIL 2026\HALDIA.pdf
HALDIA,2026-04-30 05:14:00,Low,1.09,data\APRIL 2026\HALDIA.pdf
HALDIA,2026-04-30 10:05:00,High,5.3,data\APRIL 2026\HALDIA.pdf
HALDIA,2026-04-30 17:32:00,Low,1.21,data\APRIL 2026\HALDIA.pdf
HALDIA,2026-04-30 22:13:00,High,5.06,data\APRIL 2026\HALDIA.pdf
HALDIA,2026-05-01 05:43:00,Low,0.99,data\MAY 2026\HALDIA.pdf
HALDIA,2026-05-01 10:28:00,High,5.44,data\MAY 2026\HALDIA.pdf
HALDIA,2026-05-01 17:56:00,Low,1.16,data\MAY 2026\HALDIA.pdf
HALDIA,2026-05-01 22:40:00,High,5.07,data\MAY 2026\HALDIA.pdf
HALDIA,2026-05-02 06:07:00,Low,0.93,data\MAY 2026\HALDIA.pdf
HALDIA,2026-05-02 10:54:00,High,5.49,data\MAY 2026\HALDIA.pdf
HALDIA,2026-05-02 18:20:00,Low,1.17,data\MAY 2026\HALDIA.pdf
HALDIA,2026-05-02 23:07:00,High,5.04,data\MAY 2026\HALDIA.pdf
HALDIA,2026-05-03 06:30:00,Low,0.93,data\MAY 2026\HALDIA.pdf
HALDIA,2026-05-03 11:24:00,High,5.45,data\MAY 2026\HALDIA.pdf
HALDIA,2026-05-03 18:44:00,Low,1.21,data\MAY 2026\HALDIA.pdf
HALDIA,2026-05-03 23:36:00,High,4.98,data\MAY 2026\HALDIA.pdf
HALDIA,2026-05-04 06:55:00,Low,0.97,data\MAY 2026\HALDIA.pdf
HALDIA,2026-05-04 11:56:00,High,5.35,data\MAY 2026\HALDIA.pdf
HALDIA,2026-05-04 19:09:00,Low,1.3,data\MAY 2026\HALDIA.pdf
HALDIA,2026-05-05 00:07:00,High,4.88,data\MAY 2026\HALDIA.pdf
HALDIA,2026-05-05 07:21:00,Low,1.08,data\MAY 2026\HALDIA.pdf
HALDIA,2026-05-05 12:32:00,High,5.2,data\MAY 2026\HALDIA.pdf
HALDIA,2026-05-05 19:37:00,Low,1.42,data\MAY 2026\HALDIA.pdf
HALDIA,2026-05-06 00:39:00,High,4.73,data\MAY 2026\HALDIA.pdf
HALDIA,2026-05-06 07:46:00,Low,1.25,data\MAY 2026\HALDIA.pdf
HALDIA,2026-05-06 13:07:00,High,5.02,data\MAY 2026\HALDIA.pdf
HALDIA,2026-05-06 20:05:00,Low,1.59,data\MAY 2026\HALDIA.pdf
HALDIA,2026-05-07 01:12:00,High,4.55,data\MAY 2026\HALDIA.pdf
HALDIA,2026-05-07 08:08:00,Low,1.47,data\MAY 2026\HALDIA.pdf
HALDIA,2026-05-07 13:41:00,High,4.84,data\MAY 2026\HALDIA.pdf
HALDIA,2026-05-07 20:32:00,Low,1.78,data\MAY 2026\HALDIA.pdf
HALDIA,2026-05-08 01:49:00,High,4.35,data\MAY 2026\HALDIA.pdf
HALDIA,2026-05-08 08:31:00,Low,1.71,data\MAY 2026\HALDIA.pdf
HALDIA,2026-05-08 14:20:00,High,4.66,data\MAY 2026\HALDIA.pdf
HALDIA,2026-05-08 21:08:00,Low,1.95,data\MAY 2026\HALDIA.pdf
HALDIA,2026-05-09 02:36:00,High,4.16,data\MAY 2026\HALDIA.pdf
HALDIA,2026-05-09 09:08:00,Low,1.95,data\MAY 2026\HALDIA.pdf
HALDIA,2026-05-09 15:12:00,High,4.52,data\MAY 2026\HALDIA.pdf
HALDIA,2026-05-09 22:08:00,Low,2.06,data\MAY 2026\HALDIA.pdf
HALDIA,2026-05-10 03:45:00,High,4.03,data\MAY 2026\HALDIA.pdf
HALDIA,2026-05-10 10:24:00,Low,2.15,data\MAY 2026\HALDIA.pdf
HALDIA,2026-05-10 16:33:00,High,4.45,data\MAY 2026\HALDIA.pdf
HALDIA,2026-05-10 23:32:00,Low,2.04,data\MAY 2026\HALDIA.pdf
HALDIA,2026-05-11 05:24:00,High,4.08,data\MAY 2026\HALDIA.pdf
HALDIA,2026-05-11 12:05:00,Low,2.17,data\MAY 2026\HALDIA.pdf
HALDIA,2026-05-11 17:59:00,High,4.54,data\MAY 2026\HALDIA.pdf
HALDIA,2026-05-12 01:00:00,Low,1.85,data\MAY 2026\HALDIA.pdf
HALDIA,2026-05-12 06:54:00,High,4.39,data\MAY 2026\HALDIA.pdf
HALDIA,2026-05-12 13:37:00,Low,1.97,data\MAY 2026\HALDIA.pdf
HALDIA,2026-05-12 19:09:00,High,4.76,data\MAY 2026\HALDIA.pdf
HALDIA,2026-05-13 02:17:00,Low,1.58,data\MAY 2026\HALDIA.pdf
HALDIA,2026-05-13 07:54:00,High,4.84,data\MAY 2026\HALDIA.pdf
HALDIA,2026-05-13 14:57:00,Low,1.67,data\MAY 2026\HALDIA.pdf
HALDIA,2026-05-13 20:03:00,High,5.02,data\MAY 2026\HALDIA.pdf
HALDIA,2026-05-14 03:27:00,Low,1.28,data\MAY 2026\HALDIA.pdf
HALDIA,2026-05-14 08:40:00,High,5.31,data\MAY 2026\HALDIA.pdf
HALDIA,2026-05-14 16:01:00,Low,1.37,data\MAY 2026\HALDIA.pdf
HALDIA,2026-05-14 20:49:00,High,5.28,data\MAY 2026\HALDIA.pdf
HALDIA,2026-05-15 04:26:00,Low,0.99,data\MAY 2026\HALDIA.pdf
HALDIA,2026-05-15 09:15:00,High,5.72,data\MAY 2026\HALDIA.pdf
HALDIA,2026-05-15 16:52:00,Low,1.11,data\MAY 2026\HALDIA.pdf
HALDIA,2026-05-15 21:30:00,High,5.5,data\MAY 2026\HALDIA.pdf
HALDIA,2026-05-16 05:13:00,Low,0.76,data\MAY 2026\HALDIA.pdf
HALDIA,2026-05-16 09:51:00,High,6.03,data\MAY 2026\HALDIA.pdf
HALDIA,2026-05-16 17:37:00,Low,0.93,data\MAY 2026\HALDIA.pdf
HALDIA,2026-05-16 22:10:00,High,5.66,data\MAY 2026\HALDIA.pdf
HALDIA,2026-05-17 05:58:00,Low,0.61,data\MAY 2026\HALDIA.pdf
HALDIA,2026-05-17 10:30:00,High,6.19,data\MAY 2026\HALDIA.pdf
HALDIA,2026-05-17 18:20:00,Low,0.86,data\MAY 2026\HALDIA.pdf
HALDIA,2026-05-17 22:54:00,High,5.69,data\MAY 2026\HALDIA.pdf
HALDIA,2026-05-18 06:40:00,Low,0.6,data\MAY 2026\HALDIA.pdf
HALDIA,2026-05-18 11:14:00,High,6.16,data\MAY 2026\HALDIA.pdf
HALDIA,2026-05-18 19:04:00,Low,0.93,data\MAY 2026\HALDIA.pdf
HALDIA,2026-05-18 23:43:00,High,5.57,data\MAY 2026\HALDIA.pdf
HALDIA,2026-05-19 07:20:00,Low,0.73,data\MAY 2026\HALDIA.pdf
HALDIA,2026-05-19 12:06:00,High,5.94,data\MAY 2026\HALDIA.pdf
HALDIA,2026-05-19 19:48:00,Low,1.1,data\MAY 2026\HALDIA.pdf
HALDIA,2026-05-20 00:35:00,High,5.32,data\MAY 2026\HALDIA.pdf
HALDIA,2026-05-20 07:59:00,Low,0.99,data\MAY 2026\HALDIA.pdf
HALDIA,2026-05-20 13:02:00,High,5.61,data\MAY 2026\HALDIA.pdf
HALDIA,2026-05-20 20:33:00,Low,1.34,data\MAY 2026\HALDIA.pdf
HALDIA,2026-05-21 01:31:00,High,5.0,data\MAY 2026\HALDIA.pdf
HALDIA,2026-05-21 08:39:00,Low,1.32,data\MAY 2026\HALDIA.pdf
HALDIA,2026-05-21 14:02:00,High,5.26,data\MAY 2026\HALDIA.pdf
HALDIA,2026-05-21 21:19:00,Low,1.58,data\MAY 2026\HALDIA.pdf
HALDIA,2026-05-22 02:30:00,High,4.69,data\MAY 2026\HALDIA.pdf
HALDIA,2026-05-22 09:20:00,Low,1.66,data\MAY 2026\HALDIA.pdf
HALDIA,2026-05-22 15:04:00,High,4.95,data\MAY 2026\HALDIA.pdf
HALDIA,2026-05-22 22:14:00,Low,1.77,data\MAY 2026\HALDIA.pdf
HALDIA,2026-05-23 03:37:00,High,4.46,data\MAY 2026\HALDIA.pdf
HALDIA,2026-05-23 10:15:00,Low,1.94,data\MAY 2026\HALDIA.pdf
HALDIA,2026-05-23 16:13:00,High,4.73,data\MAY 2026\HALDIA.pdf
HALDIA,2026-05-23 23:19:00,Low,1.86,data\MAY 2026\HALDIA.pdf
HALDIA,2026-05-24 04:49:00,High,4.36,data\MAY 2026\HALDIA.pdf
HALDIA,2026-05-24 11:34:00,Low,2.11,data\MAY 2026\HALDIA.pdf
HALDIA,2026-05-24 17:21:00,High,4.62,data\MAY 2026\HALDIA.pdf
HALDIA,2026-05-25 00:24:00,Low,1.87,data\MAY 2026\HALDIA.pdf
HALDIA,2026-05-25 06:05:00,High,4.4,data\MAY 2026\HALDIA.pdf
HALDIA,2026-05-25 12:51:00,Low,2.13,data\MAY 2026\HALDIA.pdf
HALDIA,2026-05-25 18:30:00,High,4.6,data\MAY 2026\HALDIA.pdf
HALDIA,2026-05-26 01:26:00,Low,1.84,data\MAY 2026\HALDIA.pdf
HALDIA,2026-05-26 07:22:00,High,4.59,data\MAY 2026\HALDIA.pdf
HALDIA,2026-05-26 14:05:00,Low,2.05,data\MAY 2026\HALDIA.pdf
HALDIA,2026-05-26 19:35:00,High,4.64,data\MAY 2026\HALDIA.pdf
HALDIA,2026-05-27 02:31:00,Low,1.77,data\MAY 2026\HALDIA.pdf
HALDIA,2026-05-27 08:17:00,High,4.83,data\MAY 2026\HALDIA.pdf
HALDIA,2026-05-27 15:13:00,Low,1.92,data\MAY 2026\HALDIA.pdf
HALDIA,2026-05-27 20:28:00,High,4.71,data\MAY 2026\HALDIA.pdf
HALDIA,2026-05-28 03:31:00,Low,1.66,data\MAY 2026\HALDIA.pdf
HALDIA,2026-05-28 08:58:00,High,5.07,data\MAY 2026\HALDIA.pdf
HALDIA,2026-05-28 16:08:00,Low,1.77,data\MAY 2026\HALDIA.pdf
HALDIA,2026-05-28 21:10:00,High,4.79,data\MAY 2026\HALDIA.pdf
HALDIA,2026-05-29 04:21:00,Low,1.52,data\MAY 2026\HALDIA.pdf
HALDIA,2026-05-29 09:33:00,High,5.26,data\MAY 2026\HALDIA.pdf
HALDIA,2026-05-29 16:49:00,Low,1.64,data\MAY 2026\HALDIA.pdf
HALDIA,2026-05-29 21:47:00,High,4.86,data\MAY 2026\HALDIA.pdf
HALDIA,2026-05-30 05:00:00,Low,1.39,data\MAY 2026\HALDIA.pdf
HALDIA,2026-05-30 10:04:00,High,5.4,data\MAY 2026\HALDIA.pdf
HALDIA,2026-05-30 17:21:00,Low,1.55,data\MAY 2026\HALDIA.pdf
HALDIA,2026-05-30 22:19:00,High,4.91,data\MAY 2026\HALDIA.pdf
HALDIA,2026-05-31 05:32:00,Low,1.29,data\MAY 2026\HALDIA.pdf
HALDIA,2026-05-31 10:33:00,High,5.46,data\MAY 2026\HALDIA.pdf
HALDIA,2026-05-31 17:48:00,Low,1.51,data\MAY 2026\HALDIA.pdf
HALDIA,2026-05-31 22:49:00,High,4.94,data\MAY 2026\HALDIA.pdf
HALDIA,2026-06-01 06:01:00,Low,1.25,data\JUNE 2026\HALDIA.pdf
HALDIA,2026-06-01 11:04:00,High,5.47,data\JUNE 2026\HALDIA.pdf
HALDIA,2026-06-01 18:16:00,Low,1.51,data\JUNE 2026\HALDIA.pdf
HALDIA,2026-06-01 23:18:00,High,4.95,data\JUNE 2026\HALDIA.pdf
HALDIA,2026-06-02 06:30:00,Low,1.26,data\JUNE 2026\HALDIA.pdf
HALDIA,2026-06-02 11:35:00,High,5.43,data\JUNE 2026\HALDIA.pdf
HALDIA,2026-06-02 18:47:00,Low,1.54,data\JUNE 2026\HALDIA.pdf
HALDIA,2026-06-02 23:50:00,High,4.93,data\JUNE 2026\HALDIA.pdf
HALDIA,2026-06-03 07:00:00,Low,1.32,data\JUNE 2026\HALDIA.pdf
HALDIA,2026-06-03 12:10:00,High,5.36,data\JUNE 2026\HALDIA.pdf
HALDIA,2026-06-03 19:20:00,Low,1.59,data\JUNE 2026\HALDIA.pdf
HALDIA,2026-06-04 00:24:00,High,4.87,data\JUNE 2026\HALDIA.pdf
HALDIA,2026-06-04 07:29:00,Low,1.43,data\JUNE 2026\HALDIA.pdf
HALDIA,2026-06-04 12:47:00,High,5.27,data\JUNE 2026\HALDIA.pdf
HALDIA,2026-06-04 19:56:00,Low,1.66,data\JUNE 2026\HALDIA.pdf
HALDIA,2026-06-05 01:02:00,High,4.78,data\JUNE 2026\HALDIA.pdf
HALDIA,2026-06-05 07:57:00,Low,1.58,data\JUNE 2026\HALDIA.pdf
HALDIA,2026-06-05 13:25:00,High,5.17,data\JUNE 2026\HALDIA.pdf
HALDIA,2026-06-05 20:30:00,Low,1.74,data\JUNE 2026\HALDIA.pdf
HALDIA,2026-06-06 01:41:00,High,4.69,data\JUNE 2026\HALDIA.pdf
HALDIA,2026-06-06 08:27:00,Low,1.74,data\JUNE 2026\HALDIA.pdf
HALDIA,2026-06-06 14:05:00,High,5.07,data\JUNE 2026\HALDIA.pdf
HALDIA,2026-06-06 21:08:00,Low,1.79,data\JUNE 2026\HALDIA.pdf
HALDIA,2026-06-07 02:26:00,High,4.62,data\JUNE 2026\HALDIA.pdf
HALDIA,2026-06-07 09:03:00,Low,1.9,data\JUNE 2026\HALDIA.pdf
HALDIA,2026-06-07 14:49:00,High,4.98,data\JUNE 2026\HALDIA.pdf
HALDIA,2026-06-07 21:50:00,Low,1.82,data\JUNE 2026\HALDIA.pdf
HALDIA,2026-06-08 03:19:00,High,4.58,data\JUNE 2026\HALDIA.pdf
HALDIA,2026-06-08 09:58:00,Low,2.04,data\JUNE 2026\HALDIA.pdf
HALDIA,2026-06-08 15:46:00,High,4.9,data\JUNE 2026\HALDIA.pdf
HALDIA,2026-06-08 22:45:00,Low,1.82,data\JUNE 2026\HALDIA.pdf
HALDIA,2026-06-09 04:27:00,High,4.61,data\JUNE 2026\HALDIA.pdf
HALDIA,2026-06-09 11:08:00,Low,2.1,data\JUNE 2026\HALDIA.pdf
HALDIA,2026-06-09 16:55:00,High,4.84,data\JUNE 2026\HALDIA.pdf
HALDIA,2026-06-09 23:51:00,Low,1.77,data\JUNE 2026\HALDIA.pdf
HALDIA,2026-06-10 05:46:00,High,4.75,data\JUNE 2026\HALDIA.pdf
HALDIA,2026-06-10 12:30:00,Low,2.05,data\JUNE 2026\HALDIA.pdf
HALDIA,2026-06-10 18:10:00,High,4.86,data\JUNE 2026\HALDIA.pdf
HALDIA,2026-06-11 01:06:00,Low,1.66,data\JUNE 2026\HALDIA.pdf
HALDIA,2026-06-11 06:57:00,High,5.03,data\JUNE 2026\HALDIA.pdf
HALDIA,2026-06-11 13:54:00,Low,1.88,data\JUNE 2026\HALDIA.pdf
HALDIA,2026-06-11 19:16:00,High,4.98,data\JUNE 2026\HALDIA.pdf
HALDIA,2026-06-12 02:23:00,Low,1.49,data\JUNE 2026\HALDIA.pdf
HALDIA,2026-06-12 07:55:00,High,5.38,data\JUNE 2026\HALDIA.pdf
HALDIA,2026-06-12 15:09:00,Low,1.64,data\JUNE 2026\HALDIA.pdf
HALDIA,2026-06-12 20:13:00,High,5.15,data\JUNE 2026\HALDIA.pdf
HALDIA,2026-06-13 03:35:00,Low,1.27,data\JUNE 2026\HALDIA.pdf
HALDIA,2026-06-13 08:44:00,High,5.72,data\JUNE 2026\HALDIA.pdf
HALDIA,2026-06-13 16:15:00,Low,1.4,data\JUNE 2026\HALDIA.pdf
HALDIA,2026-06-13 21:05:00,High,5.36,data\JUNE 2026\HALDIA.pdf
HALDIA,2026-06-14 04:37:00,Low,1.06,data\JUNE 2026\HALDIA.pdf
HALDIA,2026-06-14 09:29:00,High,6.01,data\JUNE 2026\HALDIA.pdf
HALDIA,2026-06-14 17:11:00,Low,1.22,data\JUNE 2026\HALDIA.pdf
HALDIA,2026-06-14 21:54:00,High,5.53,data\JUNE 2026\HALDIA.pdf
HALDIA,2026-06-15 05:32:00,Low,0.91,data\JUNE 2026\HALDIA.pdf
HALDIA,2026-06-15 10:16:00,High,6.18,data\JUNE 2026\HALDIA.pdf
HALDIA,2026-06-15 18:01:00,Low,1.11,data\JUNE 2026\HALDIA.pdf
HALDIA,2026-06-15 22:43:00,High,5.64,data\JUNE 2026\HALDIA.pdf
HALDIA,2026-06-16 06:21:00,Low,0.86,data\JUNE 2026\HALDIA.pdf
HALDIA,2026-06-16 11:03:00,High,6.22,data\JUNE 2026\HALDIA.pdf
HALDIA,2026-06-16 18:51:00,Low,1.09,data\JUNE 2026\HALDIA.pdf
HALDIA,2026-06-16 23:35:00,High,5.64,data\JUNE 2026\HALDIA.pdf
HALDIA,2026-06-17 07:08:00,Low,0.93,data\JUNE 2026\HALDIA.pdf
HALDIA,2026-06-17 11:56:00,High,6.1,data\JUNE 2026\HALDIA.pdf
HALDIA,2026-06-17 19:39:00,Low,1.17,data\JUNE 2026\HALDIA.pdf
HALDIA,2026-06-18 00:28:00,High,5.52,data\JUNE 2026\HALDIA.pdf
HALDIA,2026-06-18 07:51:00,Low,1.12,data\JUNE 2026\HALDIA.pdf
HALDIA,2026-06-18 12:51:00,High,5.87,data\JUNE 2026\HALDIA.pdf
HALDIA,2026-06-18 20:27:00,Low,1.3,data\JUNE 2026\HALDIA.pdf
HALDIA,2026-06-19 01:21:00,High,5.33,data\JUNE 2026\HALDIA.pdf
HALDIA,2026-06-19 08:31:00,Low,1.37,data\JUNE 2026\HALDIA.pdf
HALDIA,2026-06-19 13:45:00,High,5.58,data\JUNE 2026\HALDIA.pdf
HALDIA,2026-06-19 21:10:00,Low,1.46,data\JUNE 2026\HALDIA.pdf
HALDIA,2026-06-20 02:13:00,High,5.11,data\JUNE 2026\HALDIA.pdf
HALDIA,2026-06-20 09:09:00,Low,1.63,data\JUNE 2026\HALDIA.pdf
HALDIA,2026-06-20 14:37:00,High,5.29,data\JUNE 2026\HALDIA.pdf
HALDIA,2026-06-20 21:48:00,Low,1.61,data\JUNE 2026\HALDIA.pdf
HALDIA,2026-06-21 03:03:00,High,4.92,data\JUNE 2026\HALDIA.pdf
HALDIA,2026-06-21 09:47:00,Low,1.88,data\JUNE 2026\HALDIA.pdf
HALDIA,2026-06-21 15:26:00,High,5.03,data\JUNE 2026\HALDIA.pdf
HALDIA,2026-06-21 22:27:00,Low,1.76,data\JUNE 2026\HALDIA.pdf
HALDIA,2026-06-22 03:53:00,High,4.76,data\JUNE 2026\HALDIA.pdf
HALDIA,2026-06-22 10:34:00,Low,2.1,data\JUNE 2026\HALDIA.pdf
HALDIA,2026-06-22 16:17:00,High,4.79,data\JUNE 2026\HALDIA.pdf
HALDIA,2026-06-22 23:11:00,Low,1.9,data\JUNE 2026\HALDIA.pdf
HALDIA,2026-06-23 04:52:00,High,4.66,data\JUNE 2026\HALDIA.pdf
HALDIA,2026-06-23 11:38:00,Low,2.26,data\JUNE 2026\HALDIA.pdf
HALDIA,2026-06-23 17:16:00,High,4.6,data\JUNE 2026\HALDIA.pdf
HALDIA,2026-06-24 00:09:00,Low,2.01,data\JUNE 2026\HALDIA.pdf
HALDIA,2026-06-24 06:02:00,High,4.64,data\JUNE 2026\HALDIA.pdf
HALDIA,2026-06-24 12:53:00,Low,2.32,data\JUNE 2026\HALDIA.pdf
HALDIA,2026-06-24 18:25:00,High,4.49,data\JUNE 2026\HALDIA.pdf
HALDIA,2026-06-25 01:17:00,Low,2.05,data\JUNE 2026\HALDIA.pdf
HALDIA,2026-06-25 07:20:00,High,4.75,data\JUNE 2026\HALDIA.pdf
HALDIA,2026-06-25 14:09:00,Low,2.25,data\JUNE 2026\HALDIA.pdf
HALDIA,2026-06-25 19:42:00,High,4.5,data\JUNE 2026\HALDIA.pdf
HALDIA,2026-06-26 02:29:00,Low,1.98,data\JUNE 2026\HALDIA.pdf
HALDIA,2026-06-26 08:22:00,High,4.94,data\JUNE 2026\HALDIA.pdf
HALDIA,2026-06-26 15:19:00,Low,2.1,data\JUNE 2026\HALDIA.pdf
HALDIA,2026-06-26 20:43:00,High,4.6,data\JUNE 2026\HALDIA.pdf
HALDIA,2026-06-27 03:35:00,Low,1.83,data\JUNE 2026\HALDIA.pdf
HALDIA,2026-06-27 09:09:00,High,5.14,data\JUNE 2026\HALDIA.pdf
HALDIA,2026-06-27 16:14:00,Low,1.92,data\JUNE 2026\HALDIA.pdf
HALDIA,2026-06-27 21:30:00,High,4.72,data\JUNE 2026\HALDIA.pdf
HALDIA,2026-06-28 04:28:00,Low,1.66,data\JUNE 2026\HALDIA.pdf
HALDIA,2026-06-28 09:50:00,High,5.32,data\JUNE 2026\HALDIA.pdf
HALDIA,2026-06-28 16:56:00,Low,1.77,data\JUNE 2026\HALDIA.pdf
HALDIA,2026-06-28 22:08:00,High,4.84,data\JUNE 2026\HALDIA.pdf
HALDIA,2026-06-29 05:12:00,Low,1.52,data\JUNE 2026\HALDIA.pdf
HALDIA,2026-06-29 10:23:00,High,5.46,data\JUNE 2026\HALDIA.pdf
HALDIA,2026-06-29 17:32:00,Low,1.66,data\JUNE 2026\HALDIA.pdf
HALDIA,2026-06-29 22:39:00,High,4.95,data\JUNE 2026\HALDIA.pdf
HALDIA,2026-06-30 05:47:00,Low,1.42,data\JUNE 2026\HALDIA.pdf
HALDIA,2026-06-30 10:51:00,High,5.56,data\JUNE 2026\HALDIA.pdf
HALDIA,2026-06-30 18:03:00,Low,1.58,data\JUNE 2026\HALDIA.pdf
HALDIA,2026-06-30 23:07:00,High,5.04,data\JUNE 2026\HALDIA.pdf
